K,Cluster,"Center color (R, G, B)",Pixel share (%),"Mean position (x, y)"
2,0,"(90, 66, 59)",78.7,"(118, 176)"
2,1,"(180, 147, 142)",21.3,"(105, 165)"
4,2,"(75, 56, 53)",50.6,"(127, 158)"
4,0,"(116, 84, 70)",27.6,"(102, 210)"
4,3,"(165, 124, 115)",13.3,"(102, 166)"
4,1,"(200, 181, 182)",8.5,"(110, 164)"
6,0,"(72, 54, 53)",42.8,"(132, 147)"
6,5,"(104, 75, 63)",26.1,"(103, 218)"
6,2,"(138, 103, 86)",14.6,"(101, 190)"
6,3,"(207, 191, 191)",5.9,"(111, 176)"
6,4,"(196, 132, 118)",5.4,"(93, 192)"
6,1,"(158, 144, 152)",5.2,"(115, 111)"
