Method,blockSize,C,Noise in empty cells (%),Ink in digit boxes (%),Overall white (%),White components
Mean,11,2,79.4,67.7,74.4,210
Mean,11,10,96.0,73.1,85.7,112
Mean,11,20,99.3,78.0,90.4,58
Mean,31,2,85.8,65.9,75.1,279
Mean,31,10,94.6,69.6,82.6,199
Mean,31,20,99.2,74.5,87.2,100
Mean,71,2,90.7,65.2,75.4,302
Mean,71,10,96.0,69.0,81.5,206
Mean,71,20,99.1,73.7,85.9,136
Gaussian,11,2,84.1,67.7,77.6,214
Gaussian,11,10,98.9,77.4,89.0,71
Gaussian,11,20,99.9,89.9,94.5,25
Gaussian,31,2,82.4,67.5,76.1,244
Gaussian,31,10,96.0,71.5,84.7,150
Gaussian,31,20,99.3,76.3,89.3,67
Gaussian,71,2,88.7,65.9,76.7,253
Gaussian,71,10,95.1,69.9,82.7,205
Gaussian,71,20,99.0,74.5,87.1,113
